응답번호,자료구분,과목,분반,문항,응답
R001,교육용 가상,데이터로 읽는 사회(2026-2),02,이 수업에서 좋았던 점,교수님 설명이 차분하고 예시가 좋아서 이해가 잘 됐습니다. 쉬는 시간에도 질문을 받아 주셔서 도움이 많이 됐어요.
R002,교육용 가상,데이터로 읽는 사회(2026-2),02,이 수업에서 좋았던 점,회귀분석을 실제 자료로 돌려 보니 수식보다 훨씬 이해가 쉬웠어요. 엑셀로 직접 평균과 분포를 구해 보니 개념이 머리에 들어왔습니다.
R003,교육용 가상,데이터로 읽는 사회(2026-2),01,이 수업에서 좋았던 점,ㅇ
R004,교육용 가상,데이터로 읽는 사회(2026-2),01,이 수업에서 좋았던 점,엑셀로 직접 평균과 분포를 구해 보니 개념이 머리에 들어왔습니다. 지도에 데이터를 올려 보는 실습이 신기하고 좋았어요.
R005,교육용 가상,데이터로 읽는 사회(2026-2),02,이 수업에서 좋았던 점,이론만 듣는 게 아니라 매주 실습이 있어서 이해가 잘 됐어요.
R006,교육용 가상,데이터로 읽는 사회(2026-2),01,이 수업에서 좋았던 점,교수님 설명이 차분하고 예시가 좋아서 이해가 잘 됐습니다.
R007,교육용 가상,데이터로 읽는 사회(2026-2),02,이 수업에서 좋았던 점,공공데이터 사이트에서 자료를 내려받아 분석해 본 경험이 좋았습니다. 1인 가구 데이터로 그래프를 그려 본 실습이 재밌었습니다.
R008,교육용 가상,데이터로 읽는 사회(2026-2),02,이 수업에서 좋았던 점,없음
R009,교육용 가상,데이터로 읽는 사회(2026-2),02,이 수업에서 좋았던 점,학식 메뉴가 좀 더 다양해졌으면 좋겠습니다. 도서관 열람실 자리가 부족합니다.
R010,교육용 가상,데이터로 읽는 사회(2026-2),02,이 수업에서 좋았던 점,수업 분위기가 편해서 질문하기 부담이 없었어요. 교수님의 열정이 느껴지는 수업이었습니다.
R011,교육용 가상,데이터로 읽는 사회(2026-2),02,이 수업에서 좋았던 점,교수님의 열정이 느껴지는 수업이었습니다. 어려운 개념을 쉬운 말로 풀어서 설명해 주셔서 좋았어요.
R012,교육용 가상,데이터로 읽는 사회(2026-2),02,이 수업에서 좋았던 점,메일로 질문했을 때도 빠르게 답해 주셔서 감사했습니다.
R013,교육용 가상,데이터로 읽는 사회(2026-2),01,이 수업에서 좋았던 점,실제 우리 지역 데이터를 직접 다뤄 본 게 제일 기억에 남습니다.
R014,교육용 가상,데이터로 읽는 사회(2026-2),01,이 수업에서 좋았던 점,없어요!
R015,교육용 가상,데이터로 읽는 사회(2026-2),01,이 수업에서 좋았던 점,수업 분위기가 편해서 질문하기 부담이 없었어요. 통계를 처음 배우는 학생 입장에서 설명해 주셔서 좋았습니다.
R016,교육용 가상,데이터로 읽는 사회(2026-2),01,이 수업에서 좋았던 점,이론만 듣는 게 아니라 매주 실습이 있어서 이해가 잘 됐어요. 수업에서 배운 걸 다른 과목 보고서에도 써먹을 수 있었습니다.
R017,교육용 가상,데이터로 읽는 사회(2026-2),02,이 수업에서 좋았던 점,수업 중에 모르는 걸 물어봐도 편하게 답해 주셨습니다.
R018,교육용 가상,데이터로 읽는 사회(2026-2),01,이 수업에서 좋았던 점,학교 앱 로그인이 너무 불편해요.
R019,교육용 가상,데이터로 읽는 사회(2026-2),01,이 수업에서 좋았던 점,교수님의 열정이 느껴지는 수업이었습니다.
R020,교육용 가상,데이터로 읽는 사회(2026-2),01,이 수업에서 좋았던 점,수업 중에 모르는 걸 물어봐도 편하게 답해 주셨습니다. 교수님이 질문을 하면 끝까지 친절하게 설명해 주셨습니다.
R021,교육용 가상,데이터로 읽는 사회(2026-2),01,이 수업에서 좋았던 점,쉬는 시간에도 질문을 받아 주셔서 도움이 많이 됐어요.
R022,교육용 가상,데이터로 읽는 사회(2026-2),02,이 수업에서 좋았던 점,과제 양이 적당해서 복습하기 좋았습니다. 과제 난이도와 분량 모두 적절했다고 생각합니다.
R023,교육용 가상,데이터로 읽는 사회(2026-2),02,이 수업에서 좋았던 점,과제 난이도와 분량 모두 적절했다고 생각합니다. 과제가 많지 않아서 다른 과목과 병행하기 괜찮았습니다.
R024,교육용 가상,데이터로 읽는 사회(2026-2),02,이 수업에서 좋았던 점,통계를 처음 배우는 학생 입장에서 설명해 주셔서 좋았습니다.
R025,교육용 가상,데이터로 읽는 사회(2026-2),02,이 수업에서 좋았던 점,공공데이터 사이트에서 자료를 내려받아 분석해 본 경험이 좋았습니다.
R026,교육용 가상,데이터로 읽는 사회(2026-2),02,이 수업에서 좋았던 점,교수님의 열정이 느껴지는 수업이었습니다. 통계를 처음 배우는 학생 입장에서 설명해 주셔서 좋았습니다.
R027,교육용 가상,데이터로 읽는 사회(2026-2),02,이 수업에서 좋았던 점,회귀분석을 실제 자료로 돌려 보니 수식보다 훨씬 이해가 쉬웠어요. 실생활 예시가 많아서 통계가 덜 딱딱하게 느껴졌어요.
R028,교육용 가상,데이터로 읽는 사회(2026-2),01,이 수업에서 좋았던 점,수업 분위기가 편해서 질문하기 부담이 없었어요.
R029,교육용 가상,데이터로 읽는 사회(2026-2),02,이 수업에서 좋았던 점,1인 가구 데이터로 그래프를 그려 본 실습이 재밌었습니다. 수업에서 배운 걸 다른 과목 보고서에도 써먹을 수 있었습니다.
R030,교육용 가상,데이터로 읽는 사회(2026-2),02,이 수업에서 좋았던 점,회귀분석을 실제 자료로 돌려 보니 수식보다 훨씬 이해가 쉬웠어요. 공공데이터 사이트에서 자료를 내려받아 분석해 본 경험이 좋았습니다.
R031,교육용 가상,데이터로 읽는 사회(2026-2),01,이 수업에서 좋았던 점,실습이 좋았습니다. 과제 관련해서 010-0000-8821로 연락 주시면 감사하겠습니다.
R032,교육용 가상,데이터로 읽는 사회(2026-2),01,이 수업에서 좋았던 점,공공데이터 사이트에서 자료를 내려받아 분석해 본 경험이 좋았습니다. 엑셀로 직접 평균과 분포를 구해 보니 개념이 머리에 들어왔습니다.
R033,교육용 가상,데이터로 읽는 사회(2026-2),01,이 수업에서 좋았던 점,엑셀로 직접 평균과 분포를 구해 보니 개념이 머리에 들어왔습니다. 데이터를 보고 사회 문제를 설명해 보는 과정이 의미 있었습니다.
R034,교육용 가상,데이터로 읽는 사회(2026-2),01,이 수업에서 좋았던 점,실습 자료가 잘 정리되어 있어서 따라 하기 편했습니다. 엑셀로 직접 평균과 분포를 구해 보니 개념이 머리에 들어왔습니다.
R035,교육용 가상,데이터로 읽는 사회(2026-2),01,이 수업에서 좋았던 점,교수님 설명이 차분하고 예시가 좋아서 이해가 잘 됐습니다. 틀린 답을 말해도 무안하지 않게 이끌어 주셨습니다.
R036,교육용 가상,데이터로 읽는 사회(2026-2),02,이 수업에서 좋았던 점,어려운 개념을 쉬운 말로 풀어서 설명해 주셔서 좋았어요.
R037,교육용 가상,데이터로 읽는 사회(2026-2),02,이 수업에서 좋았던 점,공공데이터 사이트에서 자료를 내려받아 분석해 본 경험이 좋았습니다. 지도에 데이터를 올려 보는 실습이 신기하고 좋았어요.
R038,교육용 가상,데이터로 읽는 사회(2026-2),01,이 수업에서 좋았던 점,실습 자료가 잘 정리되어 있어서 따라 하기 편했습니다.
R039,교육용 가상,데이터로 읽는 사회(2026-2),01,이 수업에서 좋았던 점,엑셀로 직접 평균과 분포를 구해 보니 개념이 머리에 들어왔습니다.
R040,교육용 가상,데이터로 읽는 사회(2026-2),01,이 수업에서 좋았던 점,과제 난이도와 분량 모두 적절했다고 생각합니다.
R041,교육용 가상,데이터로 읽는 사회(2026-2),02,이 수업에서 좋았던 점,뉴스에 나오는 통계를 직접 확인해 보는 활동이 유익했어요. 데이터를 보고 사회 문제를 설명해 보는 과정이 의미 있었습니다.
R042,교육용 가상,데이터로 읽는 사회(2026-2),01,이 수업에서 좋았던 점,회귀분석을 실제 자료로 돌려 보니 수식보다 훨씬 이해가 쉬웠어요. 지도에 데이터를 올려 보는 실습이 신기하고 좋았어요.
R043,교육용 가상,데이터로 읽는 사회(2026-2),02,이 수업에서 좋았던 점,딱히 없어요
R044,교육용 가상,데이터로 읽는 사회(2026-2),02,이 수업에서 좋았던 점,와이파이가 자주 끊깁니다. 주차 공간이 너무 부족해요.
R045,교육용 가상,데이터로 읽는 사회(2026-2),02,이 수업에서 좋았던 점,ㅇ
R046,교육용 가상,데이터로 읽는 사회(2026-2),01,이 수업에서 좋았던 점,없어요!
R047,교육용 가상,데이터로 읽는 사회(2026-2),02,이 수업에서 좋았던 점,.
R048,교육용 가상,데이터로 읽는 사회(2026-2),01,이 수업에서 좋았던 점,생각 안 남
R049,교육용 가상,데이터로 읽는 사회(2026-2),01,이 수업에서 좋았던 점,과제가 많지 않아서 다른 과목과 병행하기 괜찮았습니다.
R050,교육용 가상,데이터로 읽는 사회(2026-2),01,이 수업에서 좋았던 점,틀린 답을 말해도 무안하지 않게 이끌어 주셨습니다. 수업 분위기가 편해서 질문하기 부담이 없었어요.
R051,교육용 가상,데이터로 읽는 사회(2026-2),02,이 수업에서 좋았던 점,교수님이 질문을 하면 끝까지 친절하게 설명해 주셨습니다.
R052,교육용 가상,데이터로 읽는 사회(2026-2),02,이 수업에서 좋았던 점,회귀분석을 실제 자료로 돌려 보니 수식보다 훨씬 이해가 쉬웠어요.
R053,교육용 가상,데이터로 읽는 사회(2026-2),02,이 수업에서 좋았던 점,뉴스에 나오는 통계를 직접 확인해 보는 활동이 유익했어요.
R054,교육용 가상,데이터로 읽는 사회(2026-2),02,이 수업에서 좋았던 점,과제가 많지 않아서 다른 과목과 병행하기 괜찮았습니다. 과제 양이 적당해서 복습하기 좋았습니다.
R055,교육용 가상,데이터로 읽는 사회(2026-2),02,이 수업에서 좋았던 점,없습니다
R056,교육용 가상,데이터로 읽는 사회(2026-2),01,이 수업에서 좋았던 점,어려운 개념을 쉬운 말로 풀어서 설명해 주셔서 좋았어요. 수업 중에 모르는 걸 물어봐도 편하게 답해 주셨습니다.
R057,교육용 가상,데이터로 읽는 사회(2026-2),01,이 수업에서 좋았던 점,과제가 많지 않아서 다른 과목과 병행하기 괜찮았습니다. 과제가 수업 내용과 잘 이어져서 부담스럽지 않았어요.
R058,교육용 가상,데이터로 읽는 사회(2026-2),01,이 수업에서 좋았던 점,실제 우리 지역 데이터를 직접 다뤄 본 게 제일 기억에 남습니다. 회귀분석을 실제 자료로 돌려 보니 수식보다 훨씬 이해가 쉬웠어요.
R059,교육용 가상,데이터로 읽는 사회(2026-2),02,이 수업에서 좋았던 점,지도에 데이터를 올려 보는 실습이 신기하고 좋았어요.
R060,교육용 가상,데이터로 읽는 사회(2026-2),02,이 수업에서 좋았던 점,실생활 예시가 많아서 통계가 덜 딱딱하게 느껴졌어요.
R061,교육용 가상,데이터로 읽는 사회(2026-2),01,이 수업에서 좋았던 점,교수님의 열정이 느껴지는 수업이었습니다. 교수님이 질문을 하면 끝까지 친절하게 설명해 주셨습니다.
R062,교육용 가상,데이터로 읽는 사회(2026-2),01,이 수업에서 좋았던 점,틀린 답을 말해도 무안하지 않게 이끌어 주셨습니다.
R063,교육용 가상,데이터로 읽는 사회(2026-2),01,개선이 필요한 점,과제가 매주 있다 보니 부담이 컸습니다.
R064,교육용 가상,데이터로 읽는 사회(2026-2),01,개선이 필요한 점,슬라이드 넘기는 속도가 빨라서 필기를 못 할 때가 많았습니다. 회귀분석 부분은 한 주에 다 나가기엔 양이 많았어요.
R065,교육용 가상,데이터로 읽는 사회(2026-2),01,개선이 필요한 점,슬라이드에 글자가 너무 많아서 화면을 보기 힘들었어요.
R066,교육용 가상,데이터로 읽는 사회(2026-2),02,개선이 필요한 점,과제1 결과를 과제2 마감 직전에 받았어요. 채점 결과가 언제 나오는지 알려 주시면 좋겠어요.
R067,교육용 가상,데이터로 읽는 사회(2026-2),02,개선이 필요한 점,조 편성을 랜덤으로 하니까 연락이 안 되는 조원이 있었습니다.
R068,교육용 가상,데이터로 읽는 사회(2026-2),02,개선이 필요한 점,과제마다 걸리는 시간이 예상보다 훨씬 길었습니다. 과제 수를 줄이고 하나를 깊게 하면 좋겠습니다.
R069,교육용 가상,데이터로 읽는 사회(2026-2),01,개선이 필요한 점,통계를 처음 듣는 학생에게는 속도가 빠른 편이었어요. 실습 시간이 짧아서 끝까지 해 보지 못하고 넘어간 적이 많았습니다.
R070,교육용 가상,데이터로 읽는 사회(2026-2),01,개선이 필요한 점,없어요!
R071,교육용 가상,데이터로 읽는 사회(2026-2),02,개선이 필요한 점,시험 문제 유형을 미리 알려 주시면 좋겠어요.
R072,교육용 가상,데이터로 읽는 사회(2026-2),02,개선이 필요한 점,중간고사 주간에 과제 마감이 겹쳐서 힘들었습니다. 과제와 조별 프로젝트가 겹치는 시기가 힘들었어요.
R073,교육용 가상,데이터로 읽는 사회(2026-2),01,개선이 필요한 점,한 번 놓치면 다음 내용을 이해하기 어려울 정도로 빨랐어요. 슬라이드 넘기는 속도가 빨라서 필기를 못 할 때가 많았습니다.
R074,교육용 가상,데이터로 읽는 사회(2026-2),01,개선이 필요한 점,단체 대화방 공지를 못 봐서 과제 변경 사항을 몰랐습니다.
R075,교육용 가상,데이터로 읽는 사회(2026-2),02,개선이 필요한 점,그래프 글씨가 작아서 뒷자리에서는 보이지 않았습니다. 핵심만 정리한 요약 자료가 있으면 좋겠습니다.
R076,교육용 가상,데이터로 읽는 사회(2026-2),02,개선이 필요한 점,강의실 에어컨이 너무 세서 추웠습니다.
R077,교육용 가상,데이터로 읽는 사회(2026-2),01,개선이 필요한 점,슬라이드와 실습 파일 이름이 달라서 찾기 헷갈렸어요.
R078,교육용 가상,데이터로 읽는 사회(2026-2),01,개선이 필요한 점,통계를 처음 듣는 학생에게는 속도가 빠른 편이었어요.
R079,교육용 가상,데이터로 읽는 사회(2026-2),01,개선이 필요한 점,"공지가 LMS, 단체 대화방, 메일로 흩어져 있어서 놓친 적이 있어요."
R080,교육용 가상,데이터로 읽는 사회(2026-2),02,개선이 필요한 점,조별 과제는 결국 몇 명만 일하게 되는 구조였어요. 조별 과제에서 참여하지 않는 조원이 있어도 같은 점수를 받는 게 불공평합니다.
R081,교육용 가상,데이터로 읽는 사회(2026-2),01,개선이 필요한 점,과제 점수가 너무 늦게 나와서 다음 과제에 반영할 수 없었습니다. 피드백이 조금 더 빨리 오면 좋겠습니다.
R082,교육용 가상,데이터로 읽는 사회(2026-2),01,개선이 필요한 점,시험 문제 유형을 미리 알려 주시면 좋겠어요. 기말 프로젝트 평가 기준이 없어서 무엇을 해야 할지 몰랐습니다.
R083,교육용 가상,데이터로 읽는 사회(2026-2),01,개선이 필요한 점,무임승차하는 사람을 신고할 방법이 있었으면 합니다.
R084,교육용 가상,데이터로 읽는 사회(2026-2),02,개선이 필요한 점,과제 채점 기준을 미리 공개해 주시면 좋겠습니다.
R085,교육용 가상,데이터로 읽는 사회(2026-2),01,개선이 필요한 점,교양 과목치고는 과제 양이 너무 많아요.
R086,교육용 가상,데이터로 읽는 사회(2026-2),02,개선이 필요한 점,슬라이드가 수업 끝나고 한참 뒤에 올라와서 복습이 어려웠습니다. 핵심만 정리한 요약 자료가 있으면 좋겠습니다.
R087,교육용 가상,데이터로 읽는 사회(2026-2),01,개선이 필요한 점,그래프 글씨가 작아서 뒷자리에서는 보이지 않았습니다. 슬라이드가 수업 끝나고 한참 뒤에 올라와서 복습이 어려웠습니다.
R088,교육용 가상,데이터로 읽는 사회(2026-2),01,개선이 필요한 점,피드백이 조금 더 빨리 오면 좋겠습니다.
R089,교육용 가상,데이터로 읽는 사회(2026-2),02,개선이 필요한 점,빔프로젝터 화면이 흐려서 글씨가 잘 안 보였습니다.
R090,교육용 가상,데이터로 읽는 사회(2026-2),01,개선이 필요한 점,-
R091,교육용 가상,데이터로 읽는 사회(2026-2),01,개선이 필요한 점,"평균, 분포 부분에 시간을 너무 많이 쓴 것 같습니다."
R092,교육용 가상,데이터로 읽는 사회(2026-2),01,개선이 필요한 점,수업 자료를 수업 전에 올려 주시면 미리 볼 수 있을 것 같아요.
R093,교육용 가상,데이터로 읽는 사회(2026-2),01,개선이 필요한 점,"중요한 공지는 한 곳에만 올려 주시면 좋겠습니다. 공지가 LMS, 단체 대화방, 메일로 흩어져 있어서 놓친 적이 있어요."
R094,교육용 가상,데이터로 읽는 사회(2026-2),02,개선이 필요한 점,공지 채널을 하나로 정해 주셨으면 해요.
R095,교육용 가상,데이터로 읽는 사회(2026-2),01,개선이 필요한 점,기초 통계는 이미 배운 내용이라 조금 지루했습니다. 초반 몇 주는 진도가 너무 느렸던 것 같아요.
R096,교육용 가상,데이터로 읽는 사회(2026-2),01,개선이 필요한 점,과제 피드백을 받기까지 3주 넘게 걸렸습니다.
R097,교육용 가상,데이터로 읽는 사회(2026-2),02,개선이 필요한 점,중간고사 범위가 정확히 어디까지인지 헷갈렸습니다. 시험 문제 유형을 미리 알려 주시면 좋겠어요.
R098,교육용 가상,데이터로 읽는 사회(2026-2),02,개선이 필요한 점,과제와 조별 프로젝트가 겹치는 시기가 힘들었어요.
R099,교육용 가상,데이터로 읽는 사회(2026-2),02,개선이 필요한 점,"초반 몇 주는 진도가 너무 느렸던 것 같아요. 평균, 분포 부분에 시간을 너무 많이 쓴 것 같습니다."
R100,교육용 가상,데이터로 읽는 사회(2026-2),01,개선이 필요한 점,"평균, 분포 부분에 시간을 너무 많이 쓴 것 같습니다. 기초 통계는 이미 배운 내용이라 조금 지루했습니다."
R101,교육용 가상,데이터로 읽는 사회(2026-2),01,개선이 필요한 점,3조 박가상(가명) 학생이 한 번도 회의에 안 나왔습니다. 이런 사람은 감점해 주세요.
R102,교육용 가상,데이터로 읽는 사회(2026-2),02,개선이 필요한 점,과제1 결과를 과제2 마감 직전에 받았어요. 과제 점수가 너무 늦게 나와서 다음 과제에 반영할 수 없었습니다.
R103,교육용 가상,데이터로 읽는 사회(2026-2),01,개선이 필요한 점,과제 점수가 너무 늦게 나와서 다음 과제에 반영할 수 없었습니다. 채점 결과가 언제 나오는지 알려 주시면 좋겠어요.
R104,교육용 가상,데이터로 읽는 사회(2026-2),02,개선이 필요한 점,개인 과제로 바꾸거나 개인 점수 비중을 늘려 주세요. 조 편성을 랜덤으로 하니까 연락이 안 되는 조원이 있었습니다.
R105,교육용 가상,데이터로 읽는 사회(2026-2),01,개선이 필요한 점,중간고사 전 몇 주는 너무 급하게 나간 느낌입니다. 실습 시간이 짧아서 끝까지 해 보지 못하고 넘어간 적이 많았습니다.
R106,교육용 가상,데이터로 읽는 사회(2026-2),01,개선이 필요한 점,기말 프로젝트 평가 기준이 없어서 무엇을 해야 할지 몰랐습니다.
R107,교육용 가상,데이터로 읽는 사회(2026-2),01,개선이 필요한 점,난이도가 쉬운 편이라 심화 내용이 더 있었으면 합니다. 초반 몇 주는 진도가 너무 느렸던 것 같아요.
R108,교육용 가상,데이터로 읽는 사회(2026-2),02,개선이 필요한 점,과제 채점 기준을 미리 공개해 주시면 좋겠습니다. 중간고사 범위가 정확히 어디까지인지 헷갈렸습니다.
R109,교육용 가상,데이터로 읽는 사회(2026-2),01,개선이 필요한 점,과제와 조별 프로젝트가 겹치는 시기가 힘들었어요. 과제가 매주 있다 보니 부담이 컸습니다.
R110,교육용 가상,데이터로 읽는 사회(2026-2),02,개선이 필요한 점,강의계획서와 수업 공지의 마감일이 달라서 혼란스러웠어요. 과제 채점 기준을 미리 공개해 주시면 좋겠습니다.
R111,교육용 가상,데이터로 읽는 사회(2026-2),01,개선이 필요한 점,한 번 놓치면 다음 내용을 이해하기 어려울 정도로 빨랐어요.
R112,교육용 가상,데이터로 읽는 사회(2026-2),02,개선이 필요한 점,슬라이드 넘기는 속도가 빨라서 필기를 못 할 때가 많았습니다. 통계를 처음 듣는 학생에게는 속도가 빠른 편이었어요.
R113,교육용 가상,데이터로 읽는 사회(2026-2),01,개선이 필요한 점,중간고사 전 몇 주는 너무 급하게 나간 느낌입니다. 진도를 조금만 천천히 나가 주시면 좋겠습니다.
R114,교육용 가상,데이터로 읽는 사회(2026-2),02,개선이 필요한 점,"우리 조 이가상(가명), 최가상(가명) 두 명이 프로젝트를 다 떠넘겼습니다."
R115,교육용 가상,데이터로 읽는 사회(2026-2),02,개선이 필요한 점,과제 점수가 너무 늦게 나와서 다음 과제에 반영할 수 없었습니다.
R116,교육용 가상,데이터로 읽는 사회(2026-2),02,개선이 필요한 점,개인 과제로 바꾸거나 개인 점수 비중을 늘려 주세요.
R117,교육용 가상,데이터로 읽는 사회(2026-2),02,개선이 필요한 점,과제와 조별 프로젝트가 겹치는 시기가 힘들었어요. 교양 과목치고는 과제 양이 너무 많아요.
R118,교육용 가상,데이터로 읽는 사회(2026-2),02,개선이 필요한 점,참여 점수를 어떻게 매기는지 궁금합니다.
R119,교육용 가상,데이터로 읽는 사회(2026-2),01,개선이 필요한 점,강의계획서와 수업 공지의 마감일이 달라서 혼란스러웠어요.
R120,교육용 가상,데이터로 읽는 사회(2026-2),02,개선이 필요한 점,마이크 소리가 작아서 뒷자리에서는 잘 안 들렸어요.
R121,교육용 가상,데이터로 읽는 사회(2026-2),02,개선이 필요한 점,핵심만 정리한 요약 자료가 있으면 좋겠습니다. 슬라이드에 글자가 너무 많아서 화면을 보기 힘들었어요.
R122,교육용 가상,데이터로 읽는 사회(2026-2),02,개선이 필요한 점,진도가 너무 빨라서 따라가기 벅찼습니다. 슬라이드 넘기는 속도가 빨라서 필기를 못 할 때가 많았습니다.
R123,교육용 가상,데이터로 읽는 사회(2026-2),02,개선이 필요한 점,과제 수를 줄이고 하나를 깊게 하면 좋겠습니다.
R124,교육용 가상,데이터로 읽는 사회(2026-2),01,개선이 필요한 점,조원 평가를 넣어서 기여도를 반영해 주셨으면 좋겠습니다. 조별 과제에서 참여하지 않는 조원이 있어도 같은 점수를 받는 게 불공평합니다.
R125,교육용 가상,데이터로 읽는 사회(2026-2),02,개선이 필요한 점,중간고사 전 몇 주는 너무 급하게 나간 느낌입니다. 회귀분석 부분은 한 주에 다 나가기엔 양이 많았어요.
R126,교육용 가상,데이터로 읽는 사회(2026-2),02,개선이 필요한 점,과제1 결과를 과제2 마감 직전에 받았어요.
R127,교육용 가상,데이터로 읽는 사회(2026-2),02,개선이 필요한 점,과제 피드백을 받기까지 3주 넘게 걸렸습니다. 과제 점수가 너무 늦게 나와서 다음 과제에 반영할 수 없었습니다.
R128,교육용 가상,데이터로 읽는 사회(2026-2),02,개선이 필요한 점,과제 수를 줄이고 하나를 깊게 하면 좋겠습니다. 과제가 매주 있다 보니 부담이 컸습니다.
R129,교육용 가상,데이터로 읽는 사회(2026-2),02,개선이 필요한 점,조원 평가를 넣어서 기여도를 반영해 주셨으면 좋겠습니다.
R130,교육용 가상,데이터로 읽는 사회(2026-2),01,개선이 필요한 점,진도를 조금만 천천히 나가 주시면 좋겠습니다.
R131,교육용 가상,데이터로 읽는 사회(2026-2),02,개선이 필요한 점,중요한 공지는 한 곳에만 올려 주시면 좋겠습니다. 공지 채널을 하나로 정해 주셨으면 해요.
R132,교육용 가상,데이터로 읽는 사회(2026-2),01,개선이 필요한 점,중간고사 전 몇 주는 너무 급하게 나간 느낌입니다.
R133,교육용 가상,데이터로 읽는 사회(2026-2),01,개선이 필요한 점,점수만 있고 어디가 틀렸는지 설명이 없어서 아쉬웠습니다.
R134,교육용 가상,데이터로 읽는 사회(2026-2),02,개선이 필요한 점,핵심만 정리한 요약 자료가 있으면 좋겠습니다.
R135,교육용 가상,데이터로 읽는 사회(2026-2),02,개선이 필요한 점,과제2 보고서 분량이 다른 전공 과목보다 많았습니다.
R136,교육용 가상,데이터로 읽는 사회(2026-2),02,개선이 필요한 점,중요한 공지는 한 곳에만 올려 주시면 좋겠습니다.
R137,교육용 가상,데이터로 읽는 사회(2026-2),02,개선이 필요한 점,콘센트가 부족해서 노트북 실습 때 불편했어요. 마이크 소리가 작아서 뒷자리에서는 잘 안 들렸어요.
R138,교육용 가상,데이터로 읽는 사회(2026-2),02,개선이 필요한 점,교양 과목치고는 과제 양이 너무 많아요. 과제2 보고서 분량이 다른 전공 과목보다 많았습니다.
R139,교육용 가상,데이터로 읽는 사회(2026-2),02,개선이 필요한 점,회귀분석 부분은 한 주에 다 나가기엔 양이 많았어요.
R140,교육용 가상,데이터로 읽는 사회(2026-2),01,개선이 필요한 점,과제마다 걸리는 시간이 예상보다 훨씬 길었습니다. 과제와 조별 프로젝트가 겹치는 시기가 힘들었어요.
R141,교육용 가상,데이터로 읽는 사회(2026-2),01,개선이 필요한 점,중간고사 주간에 과제 마감이 겹쳐서 힘들었습니다.
R142,교육용 가상,데이터로 읽는 사회(2026-2),01,개선이 필요한 점,회귀분석 부분은 한 주에 다 나가기엔 양이 많았어요. 진도가 너무 빨라서 따라가기 벅찼습니다.
R143,교육용 가상,데이터로 읽는 사회(2026-2),01,개선이 필요한 점,조원 평가를 넣어서 기여도를 반영해 주셨으면 좋겠습니다. 개인 과제로 바꾸거나 개인 점수 비중을 늘려 주세요.
R144,교육용 가상,데이터로 읽는 사회(2026-2),01,개선이 필요한 점,채점 결과가 언제 나오는지 알려 주시면 좋겠어요.
R145,교육용 가상,데이터로 읽는 사회(2026-2),01,개선이 필요한 점,조별 프로젝트 비중이 너무 커서 조를 잘못 만나면 성적이 걱정됩니다.
R146,교육용 가상,데이터로 읽는 사회(2026-2),02,개선이 필요한 점,과제1 점수 문의를 드렸는데 답이 없었습니다. 제 학번은 24가상117이고 연락처는 010-0000-4417입니다.
R147,교육용 가상,데이터로 읽는 사회(2026-2),02,개선이 필요한 점,슬라이드와 실습 파일 이름이 달라서 찾기 헷갈렸어요. 핵심만 정리한 요약 자료가 있으면 좋겠습니다.
R148,교육용 가상,데이터로 읽는 사회(2026-2),02,개선이 필요한 점,그래프 글씨가 작아서 뒷자리에서는 보이지 않았습니다.
R149,교육용 가상,데이터로 읽는 사회(2026-2),01,기타 하고 싶은 말,조별 프로젝트 비중이 너무 커서 조를 잘못 만나면 성적이 걱정됩니다. 무임승차하는 사람을 신고할 방법이 있었으면 합니다.
R150,교육용 가상,데이터로 읽는 사회(2026-2),01,기타 하고 싶은 말,학식 메뉴가 좀 더 다양해졌으면 좋겠습니다. 셔틀버스 시간이 수업 시간과 안 맞아요.
R151,교육용 가상,데이터로 읽는 사회(2026-2),01,기타 하고 싶은 말,교수님이 질문을 하면 끝까지 친절하게 설명해 주셨습니다. 통계를 처음 배우는 학생 입장에서 설명해 주셔서 좋았습니다.
R152,교육용 가상,데이터로 읽는 사회(2026-2),02,기타 하고 싶은 말,.
R153,교육용 가상,데이터로 읽는 사회(2026-2),01,기타 하고 싶은 말,"공지가 LMS, 단체 대화방, 메일로 흩어져 있어서 놓친 적이 있어요. 공지 채널을 하나로 정해 주셨으면 해요."
R154,교육용 가상,데이터로 읽는 사회(2026-2),02,기타 하고 싶은 말,빔프로젝터 화면이 흐려서 글씨가 잘 안 보였습니다. 마이크 소리가 작아서 뒷자리에서는 잘 안 들렸어요.
R155,교육용 가상,데이터로 읽는 사회(2026-2),02,기타 하고 싶은 말,어려운 개념을 쉬운 말로 풀어서 설명해 주셔서 좋았어요. 통계를 처음 배우는 학생 입장에서 설명해 주셔서 좋았습니다.
R156,교육용 가상,데이터로 읽는 사회(2026-2),01,기타 하고 싶은 말,다음 학기에 교수님 전공 수업도 열어 주세요.
R157,교육용 가상,데이터로 읽는 사회(2026-2),01,기타 하고 싶은 말,중요한 공지는 한 곳에만 올려 주시면 좋겠습니다. 단체 대화방 공지를 못 봐서 과제 변경 사항을 몰랐습니다.
R158,교육용 가상,데이터로 읽는 사회(2026-2),01,기타 하고 싶은 말,교수님 덕분에 통계가 좋아졌어요! 저 경영학과 김가상(가명)입니다. 나중에 v24130@student.gaon.example로 추천서 부탁드려도 될까요?
R159,교육용 가상,데이터로 읽는 사회(2026-2),02,기타 하고 싶은 말,도서관 열람실 자리가 부족합니다. 학교 앱 로그인이 너무 불편해요.
R160,교육용 가상,데이터로 읽는 사회(2026-2),01,기타 하고 싶은 말,-
R161,교육용 가상,데이터로 읽는 사회(2026-2),02,기타 하고 싶은 말,어려운 개념을 쉬운 말로 풀어서 설명해 주셔서 좋았어요. 교수님의 열정이 느껴지는 수업이었습니다.
R162,교육용 가상,데이터로 읽는 사회(2026-2),02,기타 하고 싶은 말,빔프로젝터 화면이 흐려서 글씨가 잘 안 보였습니다. 강의실 에어컨이 너무 세서 추웠습니다.
R163,교육용 가상,데이터로 읽는 사회(2026-2),02,기타 하고 싶은 말,무임승차하는 사람을 신고할 방법이 있었으면 합니다. 조별 과제에서 참여하지 않는 조원이 있어도 같은 점수를 받는 게 불공평합니다.
R164,교육용 가상,데이터로 읽는 사회(2026-2),02,기타 하고 싶은 말,학식 메뉴가 좀 더 다양해졌으면 좋겠습니다. 다음 학기에 교수님 전공 수업도 열어 주세요.
R165,교육용 가상,데이터로 읽는 사회(2026-2),01,기타 하고 싶은 말,뉴스에 나오는 통계를 직접 확인해 보는 활동이 유익했어요. 이론만 듣는 게 아니라 매주 실습이 있어서 이해가 잘 됐어요.
R166,교육용 가상,데이터로 읽는 사회(2026-2),02,기타 하고 싶은 말,개인적으로 우울증 치료를 받느라 결석이 많았습니다. 이해해 주세요.
R167,교육용 가상,데이터로 읽는 사회(2026-2),01,기타 하고 싶은 말,없어요!
R168,교육용 가상,데이터로 읽는 사회(2026-2),02,기타 하고 싶은 말,무
R169,교육용 가상,데이터로 읽는 사회(2026-2),01,기타 하고 싶은 말,틀린 답을 말해도 무안하지 않게 이끌어 주셨습니다. 교수님의 열정이 느껴지는 수업이었습니다.
R170,교육용 가상,데이터로 읽는 사회(2026-2),01,기타 하고 싶은 말,다음 학기에 교수님 전공 수업도 열어 주세요. 등록금에 비해 학교 시설이 아쉽습니다.
R171,교육용 가상,데이터로 읽는 사회(2026-2),01,기타 하고 싶은 말,조별 프로젝트 비중이 너무 커서 조를 잘못 만나면 성적이 걱정됩니다. 조별 과제에서 참여하지 않는 조원이 있어도 같은 점수를 받는 게 불공평합니다.
R172,교육용 가상,데이터로 읽는 사회(2026-2),02,기타 하고 싶은 말,다른 교양 과목은 시험이 없는데 이 과목만 시험이 있어서 억울했어요. 와이파이가 자주 끊깁니다.
R173,교육용 가상,데이터로 읽는 사회(2026-2),02,기타 하고 싶은 말,ㅎㅎ
R174,교육용 가상,데이터로 읽는 사회(2026-2),01,기타 하고 싶은 말,등록금에 비해 학교 시설이 아쉽습니다. 학교 앱 로그인이 너무 불편해요.
R175,교육용 가상,데이터로 읽는 사회(2026-2),02,기타 하고 싶은 말,없어요!
R176,교육용 가상,데이터로 읽는 사회(2026-2),01,기타 하고 싶은 말,수업에서 배운 걸 다른 과목 보고서에도 써먹을 수 있었습니다.
R177,교육용 가상,데이터로 읽는 사회(2026-2),02,기타 하고 싶은 말,특별히 없음
R178,교육용 가상,데이터로 읽는 사회(2026-2),02,기타 하고 싶은 말,수업 분위기가 편해서 질문하기 부담이 없었어요. 교수님 설명이 차분하고 예시가 좋아서 이해가 잘 됐습니다.
R179,교육용 가상,데이터로 읽는 사회(2026-2),01,기타 하고 싶은 말,-
R180,교육용 가상,데이터로 읽는 사회(2026-2),01,기타 하고 싶은 말,다른 교양 과목은 시험이 없는데 이 과목만 시험이 있어서 억울했어요.
